{
    "observation.state": {
        "mean": [
            0.00965555477887392,
            0.009655552916228771,
            -0.0001680365821812302,
            0.0005745142116211355,
            -0.0005745007656514645,
            -0.012359815649688244,
            -7.585108687635511e-05,
            7.585611456306651e-05,
            0.02709021605551243,
            0.0022578700445592403,
            0.0022578707430511713,
            0.2563624978065491,
            -0.965772807598114,
            0.00694047287106514,
            0.006940471474081278,
            0.3312624394893646,
            -0.34943485260009766,
            -3.0049789074837463e-06,
            3.0058401989663253e-06,
            -0.21278534829616547,
            0.24484555423259735,
            1.118371844291687,
            -0.8148484826087952,
            0.325225830078125,
            -0.5862019658088684,
            -0.43221965432167053,
            0.7268073558807373,
            -0.33987557888031006,
            -0.031646985560655594,
            -0.1818857640028,
            -0.26545098423957825,
            -0.5045004487037659,
            0.2445642054080963,
            0.16373035311698914,
            -0.4488318860530853,
            -0.3233817219734192,
            -0.01660916395485401,
            0.9151994585990906,
            0.05654805526137352,
            0.03706066310405731,
            -0.9116547703742981,
            0.7717633247375488,
            -0.6021982431411743
        ],
        "std": [
            0.007389151491224766,
            0.007389157544821501,
            0.010231373831629753,
            8.04991796030663e-05,
            8.050508768064901e-05,
            0.031995989382267,
            7.821872713975608e-05,
            7.83142022555694e-05,
            0.00708394218236208,
            0.017499666661024094,
            0.017499668523669243,
            0.0984918624162674,
            0.30223819613456726,
            0.013121948577463627,
            0.013121950440108776,
            0.0509004145860672,
            0.14271102845668793,
            8.4832663560519e-06,
            8.496029295201879e-06,
            0.06556447595357895,
            0.25880125164985657,
            0.363304078578949,
            0.16873730719089508,
            0.05277452990412712,
            0.1543024778366089,
            0.15744462609291077,
            0.2886011004447937,
            0.0601709820330143,
            0.10021496564149857,
            0.04372343420982361,
            0.049336351454257965,
            0.05041080713272095,
            0.06753917038440704,
            0.048412758857011795,
            0.0846688523888588,
            0.1177828460931778,
            0.008403160609304905,
            0.07491682469844818,
            0.15133541822433472,
            0.1312589794397354,
            0.07468704879283905,
            0.09877973049879074,
            0.1263590008020401
        ],
        "min": [
            -0.10000000149011612,
            -0.10000000149011612,
            -0.026203855872154236,
            -0.00012542582408059388,
            -0.0009114451822824776,
            -0.07965406030416489,
            -0.0011102971620857716,
            0.0,
            0.0,
            -0.0007300066645257175,
            -0.0007300091674551368,
            0.0,
            -1.3166645765304565,
            -0.20000000298023224,
            -0.20000000298023224,
            0.0,
            -0.6922115683555603,
            -8.577806147513911e-05,
            -5.983689698041417e-05,
            -0.2976754307746887,
            -0.5007249712944031,
            -0.1680416315793991,
            -1.0471731424331665,
            0.0,
            -0.7980778813362122,
            -0.5498252511024475,
            -0.19715115427970886,
            -0.44845861196517944,
            -0.18474480509757996,
            -0.39333221316337585,
            -0.37559905648231506,
            -0.6957941055297852,
            0.0,
            0.0,
            -0.6552291512489319,
            -0.47529828548431396,
            -0.045403577387332916,
            0.0,
            0.0,
            0.0,
            -1.0427552461624146,
            0.0,
            -0.734272837638855
        ],
        "max": [
            0.02673678658902645,
            0.026736807078123093,
            0.026482688263058662,
            0.0009114799904637039,
            0.0001257687690667808,
            0.05271128937602043,
            0.0,
            0.001112388796173036,
            0.06522613763809204,
            0.30000001192092896,
            0.30000001192092896,
            0.5322557687759399,
            0.12975382804870605,
            0.08247578144073486,
            0.08247584104537964,
            0.4177882671356201,
            0.05493935942649841,
            5.984174640616402e-05,
            8.57579434523359e-05,
            0.10000000149011612,
            0.7720469236373901,
            1.364866852760315,
            0.0,
            0.41715556383132935,
            0.0,
            0.10677557438611984,
            1.108327865600586,
            0.0,
            0.1871287077665329,
            0.0,
            0.0,
            0.0,
            0.6250423789024353,
            0.45423513650894165,
            0.0,
            0.0,
            0.0,
            1.042711615562439,
            1.3465496301651,
            1.1904455423355103,
            0.0,
            0.871629536151886,
            0.0
        ],
        "q01": [
            -0.0014784233085811116,
            -0.0014784461399540284,
            -0.022628296427428723,
            0.0003252208803314716,
            -0.000824435877148062,
            -0.07401575848460197,
            -0.00018440533778630195,
            2.3710138484602795e-05,
            0.006551196277141571,
            -0.00042254972882801664,
            -0.00042254629079252476,
            0.0557452254369855,
            -1.3041484296321868,
            -0.0016782894637435647,
            -0.0016783091519027922,
            0.07971699744462968,
            -0.681627254486084,
            -2.571031556726666e-05,
            -1.6642927203065483e-05,
            -0.2942733502388,
            -0.454946511387825,
            -0.1300889092683792,
            -1.0469679367542266,
            0.046958347484469413,
            -0.7950536561012268,
            -0.5496698272228241,
            -0.1908613023161888,
            -0.444687542617321,
            -0.17840659096837044,
            -0.36112986743450165,
            -0.34619563043117524,
            -0.597741921544075,
            0.10898562014102936,
            0.06097259532660246,
            -0.6473579090833664,
            -0.4737520408630371,
            -0.04112345442175865,
            0.8602323666214944,
            0.008013307289220393,
            0.0035797557071782647,
            -0.9291782474517822,
            0.34665875852108,
            -0.7205562430620194
        ],